Account_ID,Branch,Sector,Outstanding_Amount,EMI_Delay_Days,Credit_Utilization_%,Sales_Trend,Cheque_Bounce_Count,Risk_Category,Payment_Delay_Risk,Utilisation_Risk,Sales_Risk,Bounce_Risk,Payment_Score,Utilisation_Score,Sales_Score,Bounce_Score,EWS Total Score,EWS_Risk_Level,,,,,
A1117,Delhi,Logistics,452622,35,95,Declining,3,Low,High,High,High,High,2,2,2,2,8,High Risk,,,,Metric,Value
A1253,Delhi,Services,696874,57,96,Declining,4,High,High,High,High,High,2,2,2,2,8,High Risk,,,,Total Accounts,300
A1265,Mumbai,Logistics,814655,37,96,Declining,3,Low,High,High,High,High,2,2,2,2,8,High Risk,,,,High Risk Accounts,92
A1011,Delhi,Trading,226292,46,87,Declining,4,Low,High,Medium,High,High,2,1,2,2,7,High Risk,,,,Medium Risk Accounts,138
A1034,Bangalore,Trading,229463,57,77,Declining,3,Medium,High,Medium,High,High,2,1,2,2,7,High Risk,,,,Low Risk Accounts,70
A1114,Kolkata,Retail,115627,54,88,Declining,3,High,High,Medium,High,High,2,1,2,2,7,High Risk,,,,,
A1145,Mumbai,Services,1013861,14,91,Declining,4,Medium,Medium,High,High,High,1,2,2,2,7,High Risk,,,,High Risk Exposue,70072176
A1161,Mumbai,Logistics,1448939,14,91,Declining,3,Low,Medium,High,High,High,1,2,2,2,7,High Risk,,,,,
A1190,Mumbai,Retail,147517,43,77,Declining,4,Low,High,Medium,High,High,2,1,2,2,7,High Risk,,,,,
A1285,Chennai,Retail,1354967,60,91,Declining,1,Low,High,High,High,Medium,2,2,2,1,7,High Risk,,,,Row Labels,Count of Account_ID
A1000,Bangalore,Retail,1479670,58,99,Declining,0,High,High,High,High,Low,2,2,2,0,6,High Risk,,,,Bangalore,1
A1005,Kolkata,Services,917221,43,59,Declining,3,Low,High,Low,High,High,2,0,2,2,6,High Risk,,,,Chennai,1
A1006,Kolkata,Manufacturing,178056,43,57,Declining,4,High,High,Low,High,High,2,0,2,2,6,High Risk,,,,Delhi,3
A1007,Chennai,Manufacturing,102395,46,92,Increasing,4,Low,High,High,Low,High,2,2,0,2,6,High Risk,,,,Kolkata,1
A1018,Kolkata,Services,1405987,36,70,Declining,3,Medium,High,Low,High,High,2,0,2,2,6,High Risk,,,,Mumbai,4
A1021,Delhi,Manufacturing,403715,33,68,Declining,3,Medium,High,Low,High,High,2,0,2,2,6,High Risk,,,,Grand Total,10
A1022,Kolkata,Manufacturing,976138,36,72,Declining,3,Medium,High,Low,High,High,2,0,2,2,6,High Risk,,,,,
A1025,Mumbai,Retail,1246440,18,89,Declining,3,Low,Medium,Medium,High,High,1,1,2,2,6,High Risk,,,,,
A1027,Bangalore,Trading,1260181,51,97,Declining,0,High,High,High,High,Low,2,2,2,0,6,High Risk,,,,,
A1030,Kolkata,Retail,341123,43,75,Declining,5,Low,High,Low,High,High,2,0,2,2,6,High Risk,,,,,
A1048,Bangalore,Manufacturing,208946,31,71,Declining,3,High,High,Low,High,High,2,0,2,2,6,High Risk,,,,,
A1063,Bangalore,Logistics,1347242,58,67,Declining,5,Low,High,Low,High,High,2,0,2,2,6,High Risk,,,,,
A1076,Kolkata,Retail,1457088,41,63,Declining,5,High,High,Low,High,High,2,0,2,2,6,High Risk,,,,,
A1084,Chennai,Services,1242863,51,100,Stable,5,Medium,High,High,Low,High,2,2,0,2,6,High Risk,,,,,
A1093,Delhi,Logistics,465087,56,50,Declining,5,Medium,High,Low,High,High,2,0,2,2,6,High Risk,,,,,
A1099,Chennai,Manufacturing,271167,8,95,Declining,3,Low,Low,High,High,High,0,2,2,2,6,High Risk,,,,,
A1103,Kolkata,Services,594886,38,67,Declining,3,Low,High,Low,High,High,2,0,2,2,6,High Risk,,,,,
A1106,Kolkata,Manufacturing,410645,34,61,Declining,5,Medium,High,Low,High,High,2,0,2,2,6,High Risk,,,,,
A1110,Delhi,Trading,260969,33,54,Declining,4,High,High,Low,High,High,2,0,2,2,6,High Risk,,,,,
A1120,Mumbai,Services,65108,51,91,Declining,0,Medium,High,High,High,Low,2,2,2,0,6,High Risk,,,,,
A1130,Delhi,Logistics,930499,46,94,Increasing,5,Medium,High,High,Low,High,2,2,0,2,6,High Risk,,,,,
A1148,Mumbai,Logistics,156964,35,63,Declining,4,Low,High,Low,High,High,2,0,2,2,6,High Risk,,,,,
A1151,Mumbai,Services,1215794,52,92,Stable,4,Low,High,High,Low,High,2,2,0,2,6,High Risk,,,,,
A1165,Bangalore,Retail,1151425,37,75,Declining,3,Medium,High,Low,High,High,2,0,2,2,6,High Risk,,,,,
A1174,Delhi,Manufacturing,1499904,34,45,Declining,3,High,High,Low,High,High,2,0,2,2,6,High Risk,,,,,
A1182,Bangalore,Services,1491028,2,95,Declining,3,High,Low,High,High,High,0,2,2,2,6,High Risk,,,,,
A1198,Kolkata,Logistics,1273085,55,64,Declining,4,Medium,High,Low,High,High,2,0,2,2,6,High Risk,,,,,
A1206,Mumbai,Trading,686986,54,98,Stable,5,Medium,High,High,Low,High,2,2,0,2,6,High Risk,,,,,
A1210,Chennai,Trading,764272,13,99,Declining,1,High,Medium,High,High,Medium,1,2,2,1,6,High Risk,,,,,
A1235,Mumbai,Manufacturing,1012517,47,50,Declining,3,Medium,High,Low,High,High,2,0,2,2,6,High Risk,,,,,
A1236,Bangalore,Services,1129570,30,82,Declining,3,High,Medium,Medium,High,High,1,1,2,2,6,High Risk,,,,,
A1272,Chennai,Manufacturing,934596,48,95,Declining,0,High,High,High,High,Low,2,2,2,0,6,High Risk,,,,,
A1273,Mumbai,Manufacturing,695131,50,96,Declining,2,High,High,High,High,Low,2,2,2,0,6,High Risk,,,,,
A1282,Kolkata,Logistics,1068849,58,95,Increasing,4,High,High,High,Low,High,2,2,0,2,6,High Risk,,,,,
A1293,Delhi,Trading,742044,57,92,Increasing,3,High,High,High,Low,High,2,2,0,2,6,High Risk,,,,,
A1002,Kolkata,Retail,912879,46,77,Stable,4,High,High,Medium,Low,High,2,1,0,2,5,High Risk,,,,,
A1010,Bangalore,Manufacturing,368273,20,52,Declining,3,Low,Medium,Low,High,High,1,0,2,2,5,High Risk,,,,,
A1051,Delhi,Logistics,1350325,12,45,Declining,4,Low,Medium,Low,High,High,1,0,2,2,5,High Risk,,,,,
A1058,Bangalore,Retail,1361375,43,80,Declining,2,Medium,High,Medium,High,Low,2,1,2,0,5,High Risk,,,,,
A1069,Bangalore,Trading,155814,46,78,Declining,2,Low,High,Medium,High,Low,2,1,2,0,5,High Risk,,,,,
A1072,Bangalore,Logistics,973157,21,93,Increasing,4,Low,Medium,High,Low,High,1,2,0,2,5,High Risk,,,,,
A1078,Delhi,Manufacturing,95350,14,57,Declining,3,Low,Medium,Low,High,High,1,0,2,2,5,High Risk,,,,,
A1080,Delhi,Retail,889029,0,88,Declining,3,Low,Low,Medium,High,High,0,1,2,2,5,High Risk,,,,,
A1092,Delhi,Retail,835649,36,89,Stable,4,High,High,Medium,Low,High,2,1,0,2,5,High Risk,,,,,
A1097,Kolkata,Trading,324875,33,85,Stable,3,High,High,Medium,Low,High,2,1,0,2,5,High Risk,,,,,
A1115,Bangalore,Retail,972315,27,71,Declining,5,Low,Medium,Low,High,High,1,0,2,2,5,High Risk,,,,,
A1119,Bangalore,Retail,98590,30,100,Stable,3,Medium,Medium,High,Low,High,1,2,0,2,5,High Risk,,,,,
A1121,Mumbai,Retail,1022026,51,100,Increasing,1,High,High,High,Low,Medium,2,2,0,1,5,High Risk,,,,,
A1128,Chennai,Services,720035,39,54,Declining,1,Medium,High,Low,High,Medium,2,0,2,1,5,High Risk,,,,,
A1135,Chennai,Trading,955466,24,71,Declining,3,Low,Medium,Low,High,High,1,0,2,2,5,High Risk,,,,,
A1142,Kolkata,Services,338314,35,76,Declining,0,Low,High,Medium,High,Low,2,1,2,0,5,High Risk,,,,,
A1143,Kolkata,Retail,1389376,13,72,Declining,5,Low,Medium,Low,High,High,1,0,2,2,5,High Risk,,,,,
A1154,Chennai,Services,1383232,30,100,Stable,3,Medium,Medium,High,Low,High,1,2,0,2,5,High Risk,,,,,
A1160,Bangalore,Trading,635650,33,92,Stable,1,High,High,High,Low,Medium,2,2,0,1,5,High Risk,,,,,
A1171,Bangalore,Services,1378199,58,55,Declining,1,Medium,High,Low,High,Medium,2,0,2,1,5,High Risk,,,,,
A1173,Delhi,Logistics,343851,6,85,Declining,4,Medium,Low,Medium,High,High,0,1,2,2,5,High Risk,,,,,
A1175,Kolkata,Services,571309,15,54,Declining,3,Low,Medium,Low,High,High,1,0,2,2,5,High Risk,,,,,
A1177,Chennai,Services,1000878,47,83,Increasing,5,High,High,Medium,Low,High,2,1,0,2,5,High Risk,,,,,
A1181,Chennai,Manufacturing,131246,52,82,Declining,0,Low,High,Medium,High,Low,2,1,2,0,5,High Risk,,,,,
A1185,Kolkata,Manufacturing,272110,53,54,Declining,1,Medium,High,Low,High,Medium,2,0,2,1,5,High Risk,,,,,
A1187,Chennai,Logistics,1218388,45,72,Declining,1,Low,High,Low,High,Medium,2,0,2,1,5,High Risk,,,,,
A1193,Delhi,Retail,260562,22,68,Declining,3,Medium,Medium,Low,High,High,1,0,2,2,5,High Risk,,,,,
A1204,Chennai,Retail,335335,21,93,Declining,2,Medium,Medium,High,High,Low,1,2,2,0,5,High Risk,,,,,
A1211,Chennai,Manufacturing,1340381,7,97,Declining,1,Low,Low,High,High,Medium,0,2,2,1,5,High Risk,,,,,
A1212,Delhi,Logistics,691341,35,85,Increasing,3,High,High,Medium,Low,High,2,1,0,2,5,High Risk,,,,,
A1214,Mumbai,Services,1422070,9,94,Declining,1,Medium,Low,High,High,Medium,0,2,2,1,5,High Risk,,,,,
A1219,Delhi,Manufacturing,566130,17,94,Stable,3,Low,Medium,High,Low,High,1,2,0,2,5,High Risk,,,,,
A1220,Chennai,Manufacturing,379773,53,77,Stable,5,High,High,Medium,Low,High,2,1,0,2,5,High Risk,,,,,
A1223,Bangalore,Logistics,1044886,20,68,Declining,4,Low,Medium,Low,High,High,1,0,2,2,5,High Risk,,,,,
A1231,Delhi,Trading,228984,38,57,Declining,1,Low,High,Low,High,Medium,2,0,2,1,5,High Risk,,,,,
A1240,Chennai,Manufacturing,1434195,32,77,Increasing,5,Low,High,Medium,Low,High,2,1,0,2,5,High Risk,,,,,
A1246,Delhi,Logistics,172328,19,48,Declining,3,Medium,Medium,Low,High,High,1,0,2,2,5,High Risk,,,,,
A1248,Delhi,Services,319931,55,75,Declining,1,Medium,High,Low,High,Medium,2,0,2,1,5,High Risk,,,,,
A1257,Chennai,Services,1136683,25,67,Declining,4,High,Medium,Low,High,High,1,0,2,2,5,High Risk,,,,,
A1266,Delhi,Logistics,1379348,50,100,Increasing,1,High,High,High,Low,Medium,2,2,0,1,5,High Risk,,,,,
A1267,Mumbai,Retail,216200,13,92,Declining,0,Low,Medium,High,High,Low,1,2,2,0,5,High Risk,,,,,
A1276,Mumbai,Logistics,343373,33,80,Stable,3,High,High,Medium,Low,High,2,1,0,2,5,High Risk,,,,,
A1277,Chennai,Manufacturing,421916,10,88,Declining,3,High,Low,Medium,High,High,0,1,2,2,5,High Risk,,,,,
A1279,Chennai,Trading,993310,43,60,Declining,1,High,High,Low,High,Medium,2,0,2,1,5,High Risk,,,,,
A1288,Bangalore,Retail,1145997,32,84,Stable,4,Low,High,Medium,Low,High,2,1,0,2,5,High Risk,,,,,
A1289,Bangalore,Services,596313,20,96,Declining,2,Medium,Medium,High,High,Low,1,2,2,0,5,High Risk,,,,,
A1294,Mumbai,Services,57001,17,45,Declining,5,Low,Medium,Low,High,High,1,0,2,2,5,High Risk,,,,,
A1001,Chennai,Retail,688272,11,94,Increasing,1,High,Medium,High,Low,Medium,1,2,0,1,4,Medium Risk,,,,,
A1004,Mumbai,Trading,1239589,43,70,Increasing,3,High,High,Low,Low,High,2,0,0,2,4,Medium Risk,,,,,
A1009,Chennai,Trading,471796,57,63,Increasing,5,High,High,Low,Low,High,2,0,0,2,4,Medium Risk,,,,,
A1012,Kolkata,Manufacturing,1061585,60,69,Declining,2,Low,High,Low,High,Low,2,0,2,0,4,Medium Risk,,,,,
A1015,Chennai,Retail,243852,22,88,Increasing,3,Low,Medium,Medium,Low,High,1,1,0,2,4,Medium Risk,,,,,
A1023,Delhi,Services,1341333,1,92,Increasing,3,Medium,Low,High,Low,High,0,2,0,2,4,Medium Risk,,,,,
A1031,Bangalore,Logistics,1495951,8,85,Declining,1,Low,Low,Medium,High,Medium,0,1,2,1,4,Medium Risk,,,,,
A1032,Delhi,Trading,1191411,36,98,Increasing,0,High,High,High,Low,Low,2,2,0,0,4,Medium Risk,,,,,
A1036,Chennai,Manufacturing,603142,50,51,Increasing,3,Low,High,Low,Low,High,2,0,0,2,4,Medium Risk,,,,,
A1038,Chennai,Manufacturing,840018,9,56,Declining,4,Medium,Low,Low,High,High,0,0,2,2,4,Medium Risk,,,,,
A1046,Delhi,Services,275359,31,72,Stable,4,Medium,High,Low,Low,High,2,0,0,2,4,Medium Risk,,,,,
A1049,Chennai,Manufacturing,714437,31,59,Declining,0,Medium,High,Low,High,Low,2,0,2,0,4,Medium Risk,,,,,
A1050,Bangalore,Retail,1209149,58,75,Stable,4,Medium,High,Low,Low,High,2,0,0,2,4,Medium Risk,,,,,
A1053,Kolkata,Retail,237309,25,81,Stable,3,High,Medium,Medium,Low,High,1,1,0,2,4,Medium Risk,,,,,
A1057,Delhi,Retail,299926,55,57,Increasing,5,Medium,High,Low,Low,High,2,0,0,2,4,Medium Risk,,,,,
A1060,Bangalore,Logistics,1298825,36,58,Declining,2,Low,High,Low,High,Low,2,0,2,0,4,Medium Risk,,,,,
A1061,Kolkata,Retail,421822,52,50,Stable,3,Low,High,Low,Low,High,2,0,0,2,4,Medium Risk,,,,,
A1066,Kolkata,Manufacturing,1387597,49,40,Declining,0,High,High,Low,High,Low,2,0,2,0,4,Medium Risk,,,,,
A1073,Delhi,Retail,1086774,44,56,Increasing,4,Medium,High,Low,Low,High,2,0,0,2,4,Medium Risk,,,,,
A1075,Bangalore,Logistics,1472155,34,86,Increasing,1,Low,High,Medium,Low,Medium,2,1,0,1,4,Medium Risk,,,,,
A1085,Kolkata,Retail,644832,51,47,Stable,3,High,High,Low,Low,High,2,0,0,2,4,Medium Risk,,,,,
A1090,Chennai,Retail,200206,49,55,Stable,4,Low,High,Low,Low,High,2,0,0,2,4,Medium Risk,,,,,
A1095,Delhi,Trading,924916,39,94,Stable,2,Low,High,High,Low,Low,2,2,0,0,4,Medium Risk,,,,,
A1100,Bangalore,Services,534592,50,55,Declining,2,Medium,High,Low,High,Low,2,0,2,0,4,Medium Risk,,,,,
A1104,Mumbai,Services,129299,51,71,Stable,5,Low,High,Low,Low,High,2,0,0,2,4,Medium Risk,,,,,
A1108,Bangalore,Services,1449770,55,51,Increasing,3,Medium,High,Low,Low,High,2,0,0,2,4,Medium Risk,,,,,
A1112,Kolkata,Manufacturing,1000341,4,78,Declining,1,Medium,Low,Medium,High,Medium,0,1,2,1,4,Medium Risk,,,,,
A1124,Mumbai,Logistics,212582,40,74,Stable,3,High,High,Low,Low,High,2,0,0,2,4,Medium Risk,,,,,
A1126,Delhi,Trading,1281141,55,57,Stable,3,Medium,High,Low,Low,High,2,0,0,2,4,Medium Risk,,,,,
A1131,Chennai,Services,417297,32,69,Increasing,3,Medium,High,Low,Low,High,2,0,0,2,4,Medium Risk,,,,,
A1132,Chennai,Manufacturing,731044,27,99,Increasing,1,Low,Medium,High,Low,Medium,1,2,0,1,4,Medium Risk,,,,,
A1133,Kolkata,Manufacturing,1024607,23,90,Increasing,5,High,Medium,Medium,Low,High,1,1,0,2,4,Medium Risk,,,,,
A1134,Delhi,Retail,724707,52,61,Stable,5,High,High,Low,Low,High,2,0,0,2,4,Medium Risk,,,,,
A1136,Bangalore,Logistics,1399531,44,57,Declining,0,High,High,Low,High,Low,2,0,2,0,4,Medium Risk,,,,,
A1139,Chennai,Trading,410695,39,86,Stable,1,Medium,High,Medium,Low,Medium,2,1,0,1,4,Medium Risk,,,,,
A1150,Delhi,Retail,588329,49,62,Increasing,4,Medium,High,Low,Low,High,2,0,0,2,4,Medium Risk,,,,,
A1152,Bangalore,Trading,1341332,58,40,Stable,4,High,High,Low,Low,High,2,0,0,2,4,Medium Risk,,,,,
A1153,Chennai,Logistics,565928,7,95,Stable,5,Low,Low,High,Low,High,0,2,0,2,4,Medium Risk,,,,,
A1158,Chennai,Services,82344,49,49,Declining,2,Medium,High,Low,High,Low,2,0,2,0,4,Medium Risk,,,,,
A1159,Kolkata,Retail,1441052,32,96,Increasing,0,Low,High,High,Low,Low,2,2,0,0,4,Medium Risk,,,,,
A1163,Kolkata,Retail,565942,49,65,Declining,2,Medium,High,Low,High,Low,2,0,2,0,4,Medium Risk,,,,,
A1166,Mumbai,Services,371776,19,100,Increasing,1,Low,Medium,High,Low,Medium,1,2,0,1,4,Medium Risk,,,,,
A1168,Bangalore,Manufacturing,1415251,17,81,Declining,0,Low,Medium,Medium,High,Low,1,1,2,0,4,Medium Risk,,,,,
A1176,Mumbai,Services,136136,48,93,Stable,0,Low,High,High,Low,Low,2,2,0,0,4,Medium Risk,,,,,
A1178,Delhi,Trading,1126148,17,86,Increasing,5,High,Medium,Medium,Low,High,1,1,0,2,4,Medium Risk,,,,,
A1179,Delhi,Manufacturing,168558,39,52,Increasing,5,Low,High,Low,Low,High,2,0,0,2,4,Medium Risk,,,,,
A1180,Bangalore,Retail,897181,12,98,Stable,1,Low,Medium,High,Low,Medium,1,2,0,1,4,Medium Risk,,,,,
A1186,Bangalore,Logistics,1324768,41,71,Increasing,5,Medium,High,Low,Low,High,2,0,0,2,4,Medium Risk,,,,,
A1188,Delhi,Trading,1239772,50,73,Increasing,4,Low,High,Low,Low,High,2,0,0,2,4,Medium Risk,,,,,
A1189,Bangalore,Logistics,1156558,39,65,Increasing,4,High,High,Low,Low,High,2,0,0,2,4,Medium Risk,,,,,
A1191,Kolkata,Manufacturing,557685,44,55,Stable,5,High,High,Low,Low,High,2,0,0,2,4,Medium Risk,,,,,
A1194,Chennai,Services,1431424,45,63,Declining,0,Medium,High,Low,High,Low,2,0,2,0,4,Medium Risk,,,,,
A1199,Delhi,Retail,519448,40,94,Increasing,2,Medium,High,High,Low,Low,2,2,0,0,4,Medium Risk,,,,,
A1208,Bangalore,Retail,1292701,60,60,Stable,3,Low,High,Low,Low,High,2,0,0,2,4,Medium Risk,,,,,
A1209,Chennai,Logistics,1353772,55,49,Increasing,5,Low,High,Low,Low,High,2,0,0,2,4,Medium Risk,,,,,
A1213,Bangalore,Retail,810030,17,91,Increasing,1,Low,Medium,High,Low,Medium,1,2,0,1,4,Medium Risk,,,,,
A1215,Chennai,Services,1035333,17,76,Increasing,5,High,Medium,Medium,Low,High,1,1,0,2,4,Medium Risk,,,,,
A1221,Kolkata,Manufacturing,229555,38,72,Stable,4,Medium,High,Low,Low,High,2,0,0,2,4,Medium Risk,,,,,
A1224,Delhi,Logistics,278927,15,81,Stable,4,Low,Medium,Medium,Low,High,1,1,0,2,4,Medium Risk,,,,,
A1227,Bangalore,Retail,1235453,47,68,Stable,5,High,High,Low,Low,High,2,0,0,2,4,Medium Risk,,,,,
A1229,Kolkata,Manufacturing,1304527,24,93,Stable,1,Medium,Medium,High,Low,Medium,1,2,0,1,4,Medium Risk,,,,,
A1238,Delhi,Manufacturing,1251089,56,61,Stable,4,High,High,Low,Low,High,2,0,0,2,4,Medium Risk,,,,,
A1239,Bangalore,Manufacturing,234993,36,64,Declining,0,Medium,High,Low,High,Low,2,0,2,0,4,Medium Risk,,,,,
A1243,Delhi,Logistics,255965,51,86,Increasing,1,Medium,High,Medium,Low,Medium,2,1,0,1,4,Medium Risk,,,,,
A1244,Chennai,Retail,541672,8,92,Increasing,4,High,Low,High,Low,High,0,2,0,2,4,Medium Risk,,,,,
A1249,Chennai,Manufacturing,56110,54,53,Declining,0,Low,High,Low,High,Low,2,0,2,0,4,Medium Risk,,,,,
A1250,Chennai,Logistics,310395,41,68,Stable,4,Low,High,Low,Low,High,2,0,0,2,4,Medium Risk,,,,,
A1254,Delhi,Retail,95926,53,54,Declining,0,Low,High,Low,High,Low,2,0,2,0,4,Medium Risk,,,,,
A1271,Delhi,Manufacturing,1098035,55,41,Stable,4,High,High,Low,Low,High,2,0,0,2,4,Medium Risk,,,,,
A1280,Kolkata,Manufacturing,410463,57,83,Stable,1,Low,High,Medium,Low,Medium,2,1,0,1,4,Medium Risk,,,,,
A1281,Mumbai,Retail,718315,2,57,Declining,5,High,Low,Low,High,High,0,0,2,2,4,Medium Risk,,,,,
A1284,Chennai,Manufacturing,1192580,21,98,Increasing,1,Medium,Medium,High,Low,Medium,1,2,0,1,4,Medium Risk,,,,,
A1286,Mumbai,Services,185299,26,100,Increasing,1,Low,Medium,High,Low,Medium,1,2,0,1,4,Medium Risk,,,,,
A1298,Chennai,Services,483644,2,64,Declining,5,Medium,Low,Low,High,High,0,0,2,2,4,Medium Risk,,,,,
A1299,Bangalore,Retail,461767,34,76,Increasing,1,High,High,Medium,Low,Medium,2,1,0,1,4,Medium Risk,,,,,
A1008,Bangalore,Logistics,100982,20,47,Stable,4,High,Medium,Low,Low,High,1,0,0,2,3,Medium Risk,,,,,
A1016,Delhi,Logistics,122770,29,74,Increasing,4,High,Medium,Low,Low,High,1,0,0,2,3,Medium Risk,,,,,
A1020,Mumbai,Logistics,636807,28,69,Stable,5,High,Medium,Low,Low,High,1,0,0,2,3,Medium Risk,,,,,
A1024,Mumbai,Logistics,665082,27,43,Declining,0,High,Medium,Low,High,Low,1,0,2,0,3,Medium Risk,,,,,
A1029,Kolkata,Retail,596890,4,57,Declining,1,Medium,Low,Low,High,Medium,0,0,2,1,3,Medium Risk,,,,,
A1033,Delhi,Retail,821122,0,79,Stable,3,Medium,Low,Medium,Low,High,0,1,0,2,3,Medium Risk,,,,,
A1035,Kolkata,Services,518774,13,62,Increasing,3,Low,Medium,Low,Low,High,1,0,0,2,3,Medium Risk,,,,,
A1041,Kolkata,Services,1344225,48,54,Increasing,1,High,High,Low,Low,Medium,2,0,0,1,3,Medium Risk,,,,,
A1042,Kolkata,Manufacturing,1300766,4,81,Increasing,4,Low,Low,Medium,Low,High,0,1,0,2,3,Medium Risk,,,,,
A1044,Chennai,Retail,589014,15,41,Declining,0,High,Medium,Low,High,Low,1,0,2,0,3,Medium Risk,,,,,
A1045,Mumbai,Logistics,919025,60,49,Increasing,1,Medium,High,Low,Low,Medium,2,0,0,1,3,Medium Risk,,,,,
A1047,Delhi,Logistics,287037,15,47,Stable,4,Medium,Medium,Low,Low,High,1,0,0,2,3,Medium Risk,,,,,
A1052,Delhi,Trading,1266246,57,77,Stable,2,Medium,High,Medium,Low,Low,2,1,0,0,3,Medium Risk,,,,,
A1055,Mumbai,Services,1113083,23,62,Declining,2,Low,Medium,Low,High,Low,1,0,2,0,3,Medium Risk,,,,,
A1062,Mumbai,Trading,244633,12,51,Declining,0,Medium,Medium,Low,High,Low,1,0,2,0,3,Medium Risk,,,,,
A1064,Bangalore,Logistics,964614,25,45,Stable,3,High,Medium,Low,Low,High,1,0,0,2,3,Medium Risk,,,,,
A1067,Mumbai,Retail,312639,49,85,Stable,2,Low,High,Medium,Low,Low,2,1,0,0,3,Medium Risk,,,,,
A1074,Kolkata,Logistics,188767,30,56,Increasing,3,Low,Medium,Low,Low,High,1,0,0,2,3,Medium Risk,,,,,
A1077,Mumbai,Retail,291408,16,55,Stable,5,Low,Medium,Low,Low,High,1,0,0,2,3,Medium Risk,,,,,
A1081,Delhi,Trading,227073,29,61,Stable,5,High,Medium,Low,Low,High,1,0,0,2,3,Medium Risk,,,,,
A1083,Bangalore,Retail,440818,25,77,Stable,1,Low,Medium,Medium,Low,Medium,1,1,0,1,3,Medium Risk,,,,,
A1086,Delhi,Retail,401142,5,86,Increasing,4,High,Low,Medium,Low,High,0,1,0,2,3,Medium Risk,,,,,
A1087,Kolkata,Trading,1443358,5,82,Stable,5,Low,Low,Medium,Low,High,0,1,0,2,3,Medium Risk,,,,,
A1089,Mumbai,Manufacturing,1436561,25,53,Increasing,5,High,Medium,Low,Low,High,1,0,0,2,3,Medium Risk,,,,,
A1101,Mumbai,Trading,261279,9,76,Stable,5,Low,Low,Medium,Low,High,0,1,0,2,3,Medium Risk,,,,,
A1105,Delhi,Logistics,1007821,6,89,Declining,0,High,Low,Medium,High,Low,0,1,2,0,3,Medium Risk,,,,,
A1118,Kolkata,Trading,815923,56,86,Stable,2,Low,High,Medium,Low,Low,2,1,0,0,3,Medium Risk,,,,,
A1123,Mumbai,Logistics,81462,15,45,Increasing,4,Low,Medium,Low,Low,High,1,0,0,2,3,Medium Risk,,,,,
A1137,Mumbai,Manufacturing,221525,4,88,Stable,3,High,Low,Medium,Low,High,0,1,0,2,3,Medium Risk,,,,,
A1138,Kolkata,Retail,1373944,26,52,Declining,2,Medium,Medium,Low,High,Low,1,0,2,0,3,Medium Risk,,,,,
A1144,Bangalore,Manufacturing,904476,27,52,Increasing,5,Medium,Medium,Low,Low,High,1,0,0,2,3,Medium Risk,,,,,
A1147,Mumbai,Services,544597,27,100,Increasing,0,Medium,Medium,High,Low,Low,1,2,0,0,3,Medium Risk,,,,,
A1149,Delhi,Logistics,435448,25,57,Increasing,3,Medium,Medium,Low,Low,High,1,0,0,2,3,Medium Risk,,,,,
A1156,Delhi,Trading,649487,15,57,Increasing,4,Low,Medium,Low,Low,High,1,0,0,2,3,Medium Risk,,,,,
A1162,Chennai,Trading,1072346,32,76,Stable,2,Low,High,Medium,Low,Low,2,1,0,0,3,Medium Risk,,,,,
A1164,Mumbai,Services,569732,25,82,Stable,1,Low,Medium,Medium,Low,Medium,1,1,0,1,3,Medium Risk,,,,,
A1169,Mumbai,Manufacturing,525681,57,76,Increasing,2,Low,High,Medium,Low,Low,2,1,0,0,3,Medium Risk,,,,,
A1172,Bangalore,Logistics,590494,21,62,Stable,3,Medium,Medium,Low,Low,High,1,0,0,2,3,Medium Risk,,,,,
A1184,Chennai,Services,1455942,14,44,Increasing,3,Medium,Medium,Low,Low,High,1,0,0,2,3,Medium Risk,,,,,
A1197,Bangalore,Retail,1252371,20,73,Increasing,5,Low,Medium,Low,Low,High,1,0,0,2,3,Medium Risk,,,,,
A1203,Chennai,Manufacturing,472358,28,75,Declining,0,Low,Medium,Low,High,Low,1,0,2,0,3,Medium Risk,,,,,
A1205,Kolkata,Retail,975649,30,49,Increasing,4,High,Medium,Low,Low,High,1,0,0,2,3,Medium Risk,,,,,
A1216,Mumbai,Manufacturing,196400,44,45,Stable,1,Low,High,Low,Low,Medium,2,0,0,1,3,Medium Risk,,,,,
A1218,Delhi,Manufacturing,246368,27,69,Increasing,3,High,Medium,Low,Low,High,1,0,0,2,3,Medium Risk,,,,,
A1222,Mumbai,Logistics,156901,24,55,Stable,4,Low,Medium,Low,Low,High,1,0,0,2,3,Medium Risk,,,,,
A1226,Kolkata,Services,921824,10,78,Increasing,3,Medium,Low,Medium,Low,High,0,1,0,2,3,Medium Risk,,,,,
A1228,Kolkata,Manufacturing,1206048,30,49,Declining,2,Medium,Medium,Low,High,Low,1,0,2,0,3,Medium Risk,,,,,
A1230,Bangalore,Logistics,998559,12,67,Declining,2,Medium,Medium,Low,High,Low,1,0,2,0,3,Medium Risk,,,,,
A1232,Kolkata,Retail,1435619,47,68,Stable,1,Medium,High,Low,Low,Medium,2,0,0,1,3,Medium Risk,,,,,
A1234,Delhi,Logistics,1036697,11,68,Stable,5,Low,Medium,Low,Low,High,1,0,0,2,3,Medium Risk,,,,,
A1237,Mumbai,Trading,1147190,30,54,Declining,2,Low,Medium,Low,High,Low,1,0,2,0,3,Medium Risk,,,,,
A1245,Bangalore,Trading,1090066,2,82,Increasing,4,Low,Low,Medium,Low,High,0,1,0,2,3,Medium Risk,,,,,
A1252,Bangalore,Logistics,853600,30,50,Increasing,5,High,Medium,Low,Low,High,1,0,0,2,3,Medium Risk,,,,,
A1255,Kolkata,Manufacturing,373806,19,59,Declining,2,High,Medium,Low,High,Low,1,0,2,0,3,Medium Risk,,,,,
A1260,Mumbai,Retail,614851,44,76,Increasing,2,High,High,Medium,Low,Low,2,1,0,0,3,Medium Risk,,,,,
A1262,Mumbai,Services,905984,0,76,Declining,0,Low,Low,Medium,High,Low,0,1,2,0,3,Medium Risk,,,,,
A1263,Bangalore,Logistics,702218,17,70,Stable,4,Medium,Medium,Low,Low,High,1,0,0,2,3,Medium Risk,,,,,
A1270,Chennai,Retail,350899,32,76,Stable,2,High,High,Medium,Low,Low,2,1,0,0,3,Medium Risk,,,,,
A1278,Bangalore,Services,743533,17,67,Stable,3,Medium,Medium,Low,Low,High,1,0,0,2,3,Medium Risk,,,,,
A1283,Kolkata,Retail,560933,0,95,Increasing,1,Medium,Low,High,Low,Medium,0,2,0,1,3,Medium Risk,,,,,
A1291,Delhi,Logistics,439219,23,94,Increasing,2,High,Medium,High,Low,Low,1,2,0,0,3,Medium Risk,,,,,
A1295,Mumbai,Manufacturing,187119,30,45,Increasing,4,Medium,Medium,Low,Low,High,1,0,0,2,3,Medium Risk,,,,,
A1296,Mumbai,Trading,631617,38,49,Stable,1,High,High,Low,Low,Medium,2,0,0,1,3,Medium Risk,,,,,
A1013,Kolkata,Trading,1483537,3,75,Stable,3,Medium,Low,Low,Low,High,0,0,0,2,2,Low Risk,,,,,
A1014,Mumbai,Services,1240102,7,64,Increasing,3,High,Low,Low,Low,High,0,0,0,2,2,Low Risk,,,,,
A1017,Delhi,Trading,453736,43,70,Increasing,0,Low,High,Low,Low,Low,2,0,0,0,2,Low Risk,,,,,
A1026,Bangalore,Manufacturing,1212121,18,78,Increasing,2,Medium,Medium,Medium,Low,Low,1,1,0,0,2,Low Risk,,,,,
A1028,Chennai,Services,130095,42,52,Increasing,2,High,High,Low,Low,Low,2,0,0,0,2,Low Risk,,,,,
A1037,Mumbai,Manufacturing,1217515,21,81,Stable,0,High,Medium,Medium,Low,Low,1,1,0,0,2,Low Risk,,,,,
A1040,Delhi,Trading,344806,14,41,Stable,1,Low,Medium,Low,Low,Medium,1,0,0,1,2,Low Risk,,,,,
A1043,Chennai,Services,1464970,43,74,Increasing,2,High,High,Low,Low,Low,2,0,0,0,2,Low Risk,,,,,
A1054,Mumbai,Logistics,1139487,7,60,Stable,5,Low,Low,Low,Low,High,0,0,0,2,2,Low Risk,,,,,
A1071,Mumbai,Manufacturing,425875,0,62,Stable,4,Low,Low,Low,Low,High,0,0,0,2,2,Low Risk,,,,,
A1079,Mumbai,Services,630545,36,40,Increasing,2,Low,High,Low,Low,Low,2,0,0,0,2,Low Risk,,,,,
A1082,Delhi,Manufacturing,1013560,8,72,Stable,3,Low,Low,Low,Low,High,0,0,0,2,2,Low Risk,,,,,
A1088,Kolkata,Trading,842301,1,44,Stable,4,High,Low,Low,Low,High,0,0,0,2,2,Low Risk,,,,,
A1096,Mumbai,Manufacturing,1495679,1,74,Declining,2,Medium,Low,Low,High,Low,0,0,2,0,2,Low Risk,,,,,
A1107,Kolkata,Retail,385203,53,60,Increasing,2,Medium,High,Low,Low,Low,2,0,0,0,2,Low Risk,,,,,
A1109,Kolkata,Manufacturing,1318427,23,78,Increasing,2,Medium,Medium,Medium,Low,Low,1,1,0,0,2,Low Risk,,,,,
A1111,Delhi,Manufacturing,583563,8,93,Increasing,2,Medium,Low,High,Low,Low,0,2,0,0,2,Low Risk,,,,,
A1113,Chennai,Manufacturing,362611,21,82,Increasing,0,High,Medium,Medium,Low,Low,1,1,0,0,2,Low Risk,,,,,
A1122,Bangalore,Services,743265,41,64,Stable,0,Low,High,Low,Low,Low,2,0,0,0,2,Low Risk,,,,,
A1125,Kolkata,Retail,574790,47,53,Increasing,2,High,High,Low,Low,Low,2,0,0,0,2,Low Risk,,,,,
A1127,Chennai,Services,1080099,20,84,Increasing,2,High,Medium,Medium,Low,Low,1,1,0,0,2,Low Risk,,,,,
A1129,Mumbai,Manufacturing,748448,5,68,Declining,0,High,Low,Low,High,Low,0,0,2,0,2,Low Risk,,,,,
A1140,Chennai,Services,1351202,10,62,Declining,2,Low,Low,Low,High,Low,0,0,2,0,2,Low Risk,,,,,
A1146,Mumbai,Logistics,1390257,10,73,Increasing,4,High,Low,Low,Low,High,0,0,0,2,2,Low Risk,,,,,
A1155,Delhi,Retail,602317,9,56,Stable,5,Low,Low,Low,Low,High,0,0,0,2,2,Low Risk,,,,,
A1157,Bangalore,Trading,1376561,7,86,Increasing,1,High,Low,Medium,Low,Medium,0,1,0,1,2,Low Risk,,,,,
A1183,Bangalore,Trading,1267864,48,44,Increasing,0,High,High,Low,Low,Low,2,0,0,0,2,Low Risk,,,,,
A1192,Chennai,Trading,773001,42,55,Stable,0,Low,High,Low,Low,Low,2,0,0,0,2,Low Risk,,,,,
A1196,Bangalore,Retail,833004,5,53,Increasing,5,Low,Low,Low,Low,High,0,0,0,2,2,Low Risk,,,,,
A1201,Kolkata,Trading,952139,57,63,Increasing,2,High,High,Low,Low,Low,2,0,0,0,2,Low Risk,,,,,
A1202,Delhi,Retail,538532,23,71,Increasing,1,Low,Medium,Low,Low,Medium,1,0,0,1,2,Low Risk,,,,,
A1233,Bangalore,Trading,1011868,3,46,Stable,4,High,Low,Low,Low,High,0,0,0,2,2,Low Risk,,,,,
A1241,Kolkata,Trading,642323,6,44,Increasing,5,Medium,Low,Low,Low,High,0,0,0,2,2,Low Risk,,,,,
A1242,Bangalore,Retail,196641,4,60,Increasing,4,High,Low,Low,Low,High,0,0,0,2,2,Low Risk,,,,,
A1247,Delhi,Retail,406038,49,56,Stable,0,Medium,High,Low,Low,Low,2,0,0,0,2,Low Risk,,,,,
A1251,Delhi,Retail,374834,8,74,Stable,4,Low,Low,Low,Low,High,0,0,0,2,2,Low Risk,,,,,
A1259,Delhi,Retail,472011,0,67,Increasing,5,High,Low,Low,Low,High,0,0,0,2,2,Low Risk,,,,,
A1268,Mumbai,Services,1070215,13,49,Increasing,1,High,Medium,Low,Low,Medium,1,0,0,1,2,Low Risk,,,,,
A1269,Kolkata,Logistics,434371,1,41,Stable,4,High,Low,Low,Low,High,0,0,0,2,2,Low Risk,,,,,
A1274,Bangalore,Services,652001,5,72,Increasing,5,Low,Low,Low,Low,High,0,0,0,2,2,Low Risk,,,,,
A1275,Chennai,Services,320517,44,58,Stable,0,Medium,High,Low,Low,Low,2,0,0,0,2,Low Risk,,,,,
A1287,Chennai,Services,1436583,8,92,Increasing,2,Low,Low,High,Low,Low,0,2,0,0,2,Low Risk,,,,,
A1290,Bangalore,Manufacturing,1359467,27,72,Increasing,1,High,Medium,Low,Low,Medium,1,0,0,1,2,Low Risk,,,,,
A1292,Chennai,Services,1160154,0,41,Increasing,3,Medium,Low,Low,Low,High,0,0,0,2,2,Low Risk,,,,,
A1297,Mumbai,Manufacturing,360152,29,84,Increasing,0,High,Medium,Medium,Low,Low,1,1,0,0,2,Low Risk,,,,,
A1003,Delhi,Logistics,1181825,6,57,Stable,1,Medium,Low,Low,Low,Medium,0,0,0,1,1,Low Risk,,,,,
A1039,Kolkata,Services,1013589,3,43,Stable,1,High,Low,Low,Low,Medium,0,0,0,1,1,Low Risk,,,,,
A1056,Bangalore,Logistics,1014802,26,47,Increasing,0,Low,Medium,Low,Low,Low,1,0,0,0,1,Low Risk,,,,,
A1065,Delhi,Retail,1021313,5,54,Increasing,1,Medium,Low,Low,Low,Medium,0,0,0,1,1,Low Risk,,,,,
A1068,Delhi,Services,449339,25,74,Increasing,0,High,Medium,Low,Low,Low,1,0,0,0,1,Low Risk,,,,,
A1070,Bangalore,Retail,139550,10,85,Increasing,2,Medium,Low,Medium,Low,Low,0,1,0,0,1,Low Risk,,,,,
A1091,Chennai,Logistics,1294129,26,45,Increasing,2,High,Medium,Low,Low,Low,1,0,0,0,1,Low Risk,,,,,
A1098,Delhi,Services,1330956,27,42,Stable,0,Medium,Medium,Low,Low,Low,1,0,0,0,1,Low Risk,,,,,
A1116,Chennai,Services,840734,1,88,Increasing,0,Medium,Low,Medium,Low,Low,0,1,0,0,1,Low Risk,,,,,
A1141,Bangalore,Manufacturing,539825,26,52,Stable,0,Medium,Medium,Low,Low,Low,1,0,0,0,1,Low Risk,,,,,
A1200,Mumbai,Retail,619838,1,89,Stable,0,Medium,Low,Medium,Low,Low,0,1,0,0,1,Low Risk,,,,,
A1207,Delhi,Manufacturing,306386,22,63,Stable,2,Medium,Medium,Low,Low,Low,1,0,0,0,1,Low Risk,,,,,
A1217,Chennai,Logistics,1096013,10,63,Increasing,1,Low,Low,Low,Low,Medium,0,0,0,1,1,Low Risk,,,,,
A1225,Kolkata,Logistics,1288918,3,88,Stable,2,Medium,Low,Medium,Low,Low,0,1,0,0,1,Low Risk,,,,,
A1256,Bangalore,Trading,1447909,17,51,Increasing,2,Low,Medium,Low,Low,Low,1,0,0,0,1,Low Risk,,,,,
A1258,Bangalore,Logistics,475120,20,73,Stable,0,High,Medium,Low,Low,Low,1,0,0,0,1,Low Risk,,,,,
A1261,Delhi,Logistics,100125,30,60,Increasing,2,High,Medium,Low,Low,Low,1,0,0,0,1,Low Risk,,,,,
A1264,Chennai,Trading,875251,17,65,Increasing,0,Medium,Medium,Low,Low,Low,1,0,0,0,1,Low Risk,,,,,
A1019,Kolkata,Logistics,165090,10,48,Increasing,0,High,Low,Low,Low,Low,0,0,0,0,0,Low Risk,,,,,
A1059,Delhi,Manufacturing,633134,2,73,Increasing,0,High,Low,Low,Low,Low,0,0,0,0,0,Low Risk,,,,,
A1094,Kolkata,Services,718085,0,48,Increasing,2,High,Low,Low,Low,Low,0,0,0,0,0,Low Risk,,,,,
A1102,Bangalore,Services,411559,6,67,Increasing,2,Medium,Low,Low,Low,Low,0,0,0,0,0,Low Risk,,,,,
A1167,Delhi,Logistics,1116646,9,47,Stable,2,Low,Low,Low,Low,Low,0,0,0,0,0,Low Risk,,,,,
A1170,Mumbai,Services,649608,0,58,Increasing,0,High,Low,Low,Low,Low,0,0,0,0,0,Low Risk,,,,,
A1195,Kolkata,Trading,639159,4,72,Increasing,0,Low,Low,Low,Low,Low,0,0,0,0,0,Low Risk,,,,,
